FlightID, CustomerID, FirstName, LastName, PassportNum, DateOfBirth
14, 17, Hall, Foreman, 873287488, 1957-07-30
12, 15, Ryder, Shelton, 106841191, 1982-02-22
15, 5, Alea, Battle, 513608717, 1966-04-24
3, 7, Alika, Ayers, 694500682, 1960-09-12
12, 8, Teegan, Donovan, 385720645, 1981-05-06
3, 4, Quemby, Knapp, 055528109, 1957-08-31
5, 4, Harriet, Bonner, 891515024, 1978-04-27
3, 2, Hedley, Fuller, 695615024, 1959-08-17
1, 13, Chloe, Harris, 260860626, 1972-05-23
4, 7, Emerald, Maynard, 479980162, 1981-11-26
1, 16, Marsden, Hodge, 634423894, 1970-09-14
8, 20, Wade, Hardin, 051822547, 1954-01-19
13, 5, Libby, Conrad, 212472866, 1980-12-31
8, 19, Ori, Orr, 530658069, 1965-07-13
5, 19, Amos, Good, 515166625, 1963-03-05
13, 19, Sydnee, Lindsey, 858664575, 1991-05-05
7, 5, Jane, Chandler, 264095201, 1955-12-22
4, 12, George, Hampton, 441582909, 1987-07-26
6, 5, Asher, Martinez, 438051065, 1967-10-22
7, 7, Vincent, Farmer, 158040137, 1972-03-08
3, 11, Cathleen, Dickson, 023923190, 1988-03-18
10, 15, Barclay, Weber, 800199243, 1967-05-23
14, 13, Andrew, Briggs, 223990284, 1971-12-25
2, 15, Hiroko, Morgan, 420106495, 1952-03-10
1, 2, Caldwell, Lester, 950233030, 1966-08-23
14, 9, Vivian, Johns, 580314920, 1976-10-12
15, 18, Vera, Lynn, 287464621, 1958-11-05
15, 13, Dominic, Pugh, 582386350, 1959-11-02
7, 7, Edan, Gonzalez, 548256309, 1973-07-21
4, 9, Troy, Bartlett, 211372858, 1953-06-09
1, 4, Hope, Jefferson, 497970765, 1989-11-30
9, 10, Lucian, Dalton, 666209261, 1979-06-06
3, 9, Naida, Moss, 213186049, 1976-01-18
1, 8, Shannon, Ferrell, 126196785, 1959-10-11
15, 4, Tanisha, Orr, 444522615, 1969-02-07
14, 20, Cleo, Ryan, 976632964, 1981-07-27
9, 4, Price, Benson, 574889267, 1979-02-18
4, 9, Baxter, Delgado, 445999460, 1989-02-03
13, 19, Laurel, Park, 085517312, 1955-11-08
12, 3, Knox, Cotton, 534050377, 1972-09-13
8, 15, Derek, Quinn, 764274483, 1977-03-21
1, 9, Phelan, Booth, 490073741, 1982-07-09
15, 9, Maia, Dillon, 203084231, 1980-10-16
8, 19, Amaya, Price, 268402588, 1960-11-17
8, 15, McKenzie, Weaver, 699248357, 1959-05-15
13, 5, Lila, Fitzpatrick, 665682444, 1974-07-22
5, 5, Alden, Benjamin, 175037201, 1988-02-10
14, 14, Jacqueline, Frye, 656546013, 1972-05-15
12, 19, Noah, Strong, 733526137, 1975-08-28
11, 14, Phillip, Keller, 991659889, 1964-11-26
1, 20, Astra, Harrison, 523896225, 1986-06-29
12, 6, Farrah, Welch, 725983260, 1960-05-26
9, 5, Halla, Head, 497287792, 1957-06-14
4, 14, Dante, Mejia, 016118954, 1973-11-10
2, 4, Steven, English, 497805282, 1961-07-29
11, 6, Imogene, Reynolds, 617283895, 1961-05-11
3, 14, Maris, Delacruz, 047207040, 1964-08-11
2, 18, Lacy, Glenn, 115023522, 1956-05-07
13, 12, Edward, Cooke, 679350052, 1971-10-11
13, 1, Zachary, Craft, 340273349, 1963-10-23
7, 14, Imogene, Sargent, 298488369, 1979-09-10
1, 2, Elizabeth, Miranda, 776547487, 1983-04-18
1, 6, Evelyn, Aguirre, 552212635, 1979-10-04
6, 11, Christian, Fitzpatrick, 430260600, 1967-09-26
4, 14, Remedios, Burks, 687275692, 1968-11-11
13, 20, Fatima, Banks, 485124796, 1989-08-30
14, 17, Jack, Knowles, 635486311, 1977-01-24
15, 20, Halla, Oconnor, 339892232, 1991-09-29
1, 7, Harrison, Cooper, 855159251, 1986-11-08
9, 5, Cecilia, Cameron, 124455569, 1970-03-10
14, 3, Jordan, Harrison, 476767679, 1984-01-01
1, 14, Beck, Levine, 516902268, 1986-05-07
11, 7, Cooper, Cline, 281380847, 1983-11-08
15, 14, Rana, Bond, 615460856, 1988-01-07
3, 2, Simon, Owens, 799970634, 1979-06-19
8, 17, August, Ball, 335283634, 1956-08-24
8, 3, Xantha, Rowland, 644289161, 1982-02-02
14, 13, Jennifer, Lindsay, 498443738, 1978-01-07
11, 6, Odessa, Casey, 223301206, 1957-12-06
11, 12, Russell, Marsh, 854138237, 1984-10-13
10, 8, Cade, Kirk, 798530136, 1962-02-21
8, 18, Kiona, Irwin, 724907033, 1982-10-10
6, 7, Russell, Slater, 864550521, 1963-07-26
8, 15, Raymond, Austin, 303152735, 1984-09-29
9, 10, Gage, Lynn, 250916186, 1973-11-26
12, 8, Gay, Riddle, 157731276, 1957-11-19
6, 8, Nell, Wagner, 425261711, 1953-02-03
6, 17, Slade, Goodman, 366410318, 1953-12-11
5, 3, Aladdin, Kaufman, 082720074, 1952-08-06
9, 5, Georgia, Harvey, 875305318, 1960-09-02
12, 15, Carter, Joyce, 079399018, 1981-11-15
3, 14, Phillip, Dyer, 024443972, 1970-06-22
6, 10, Brennan, Mosley, 866563120, 1969-01-01
4, 7, Harrison, Henry, 458616011, 1979-07-14
6, 13, Robin, Velez, 054140569, 1979-12-04
15, 5, Xerxes, Colon, 648847184, 1959-07-31
4, 15, Vivian, Robbins, 154035061, 1983-05-15
2, 18, Chancellor, Rich, 714110010, 1970-08-30
7, 5, Liberty, Fleming, 270382259, 1964-07-26
11, 8, Kalia, Oneill, 241729244, 1985-07-09